{
    "item_id": "00105670-df53-4be8-9039-8a07fe2d2b4d",
    "news_channel": "新闻坊",
    "title": "一养老院突发火灾，已致3死10伤！",
    "report": "4月4日\n\n“东莞应急管理”\n\n发布情况通报\n\n↓↓↓\n\n4月4日4时21分，东莞万江街道康怡护理院（公助民办养老院）发生火灾，4时48分明火被扑灭。该建筑为一栋11层楼房，起火部位为第三层303房，过火面积约20平方米。事故致3人死亡，10人受伤，其中危重1人、轻伤9人（生命体征平稳）。目前，事故调查、现场处置有关工作仍在进行中。\n\n\n\n图片\n\n\n资料显示，东莞万江街道康怡护理院（公助民办养老院）位于万江街道滘联路19号万江社会福利中心，是整合了万江敬老院、残疾人康复就业服务中心和谷涌滘联社区卫生服务站等多方资源，搭建起高质量的养老助残医疗服务网络。\n\n\n\n万江社会福利中心占地面积9800多平方米，总建筑面积近18000平方米，从2021年3月开工建设，于今年3月14日举行了启用仪式。康怡护理院有限公司是该中心养老服务运营方。\n\n\n\n南都记者从东莞市消防救援支队获悉，此次火灾中伤亡的基本为老人，目前事故还在进一步调查中。\n\n",
    "original_websites": "https://mp.weixin.qq.com/s/xUZR8gZ_N0UqGj0GvH6L8A",
    "start_date": "2024-04-04",
    "start_time": "2024-04-04 04:21:00",
    "update_time": "2024-05-03 10:50:01",
    "incident_type": "火灾",
    "incident_reason": "该建筑为一栋11层楼房，起火部位为第三层303房，过火面积约20平方米。",
    "person_death_num": 3,
    "person_injury_num": 10,
    "person_missing_num": 0,
    "location": [113.69524061679842, 23.074638693127984],
    "place": "东莞万江街道康怡护理院（公助民办养老院）",
    "province": "广东省",
    "city": "东莞市",
    "county": "",
    "town": "万江街道",
    "village": "",
    "is_final": true
}
