{
    "item_id": "0683ba1e-7927-4dc8-b2e1-a1743d610e73",
    "news_channel": "中国新闻网",
    "title": "江西于都一矿企发生事故 致3死2伤",
    "report": "江西省赣州市于都县人民政府25日晚发布通报，2024年4月24日，于都县龙鑫矿业有限公司选矿厂发生一起事故，造成3人遇难、2人受伤。该企业为独立的矿石洗选企业，主要洗选萤石矿。企业清理排洪隧洞时溃水，将作业人员冲入沉淀池。\n\n　　事故发生后，相关部门赶赴现场开展救援和处置工作。目前，伤者已在医院治疗，无生命危险。事故原因调查和善后工作正在进行中。",
    "original_websites": "https://www.chinanews.com.cn/sh/2024/04-26/10206357.shtml",
    "start_date": "2024-04-24",
    "start_time": "2024-04-24 00:08:48",
    "update_time": "2024-05-03 00:08:48",
    "incident_type": "溃水",
    "incident_reason": "企业清理排洪隧洞时溃水，将作业人员冲入沉淀池。",
    "person_death_num": 3,
    "person_injury_num": 2,
    "person_missing_num": 0,
    "location": [115.32157659530641, 25.721257087721057],
    "place": "于都县龙鑫矿业有限公司选矿厂",
    "province": "江西省",
    "city": "赣州市",
    "county": "于都县",
    "town": "祁禄山镇",
    "village": "金沙村",
    "is_final": true
}
