{
    "item_id": "0fa4ef79-3a69-421d-a3c1-f0a4e96e43b4",
    "news_channel": "凤凰网",
    "title": "#云南镇雄突发山体滑坡",
    "report": "新华社昆明1月25日电（记者浦超、江文耀）记者从云南省昭通市镇雄县“1·22”山体滑坡灾害处置指挥部获悉，截至25日20时4分，44名失联人员已全部搜救出来，均无生命体征。\n\n目前，通往灾区交通通畅，电力、通信正常，灾区相关生活物资保障充足，地灾监测、善后处置等工作正持续开展。",
    "original_websites": "https://news.ifeng.com/loc/timeline/event/8WYE6eXaAuZ?isFull=0&immersion=true&ifengsp=1",
    "start_date": "2024-01-22",
    "start_time": "2024-01-22 05:51:00",
    "update_time": "2024-05-02 23:10:57",
    "incident_type": "山体滑坡",
    "incident_reason": "云南省昭通市镇雄县塘房镇凉水村合心村民小组与和平村民小组发生的特大山体滑坡事故",
    "person_death_num": 44,
    "person_injury_num": 2,
    "person_missing_num": 0,
    "location": [104.95514, 27.49063],
    "place": "云南省昭通市镇雄县塘房镇凉水村合心村民小组与和平村民小组",
    "province": "云南省",
    "city": "昭通市",
    "county": "镇雄县",
    "town": "塘房镇",
    "village": "",
    "is_final": true
}
