{
    "item_id": "1c56401e-a58e-4e7e-8bb5-51eedc92927d",
    "news_channel": "搜狐网",
    "title": "湖北随县一超市顶棚被积雪压垮，致1人死亡",
    "report": "2024年2月21日10时10分左右，湖北省随州市随县万和镇神农超市部分顶棚被雪压垮。事发后，当地应急、住建、消防、卫健等部门赶赴现场处置。事故中，一人受伤经抢救无效死亡，其余人员已全部安全撤离。垮塌原因正在进一步调查中。\n\n\n\n\n\n此前报道：\n\n2月21日，湖北随州随县万和镇，有网友发布视频称镇上的神龙超市房顶突然被雪压塌，自己从后门跑出来，但收银台有几个人来不及跑出来被压在下面。\n\n据其发布视频显示，该超市共一层，门口还拉着年底清仓的横幅。潇湘晨报记者私信该网友,截至发稿前暂未获回复。\n\n\n\n\n\n\n\n来源：央视新闻、潇湘晨报",
    "original_websites": "https://www.sohu.com/a/759219164_121124566",
    "start_date": "2024-02-21",
    "start_time": "2024-02-21 10:10:00",
    "update_time": "2024-05-03 15:49:26",
    "incident_type": "房屋坍塌",
    "incident_reason": "一超市顶棚被积雪压垮",
    "person_death_num": 1,
    "person_injury_num": 0,
    "person_missing_num": 0,
    "location": [113.28304409980775, 32.22574223609195],
    "place": "湖北省随州市随县万和镇神农超市",
    "province": "湖北省",
    "city": "随州市",
    "county": "随县",
    "town": "万和镇",
    "village": "",
    "is_final": true
}
