{
    "item_id": "304a4b92-6b36-4cf5-8ef6-37a57f4bb18d",
    "news_channel": "中国新闻网",
    "title": "呼和浩特一餐馆凌晨发生火灾 致4死4伤",
    "report": "　中新网呼和浩特1月29日电(记者 张林虎)29日，记者从内蒙古自治区呼和浩特市消防救援支队获悉，当地一家餐馆发生火灾，致4死4伤。\n\n　　1月29日3时23分，呼和浩特市新城区气象局西巷德都豪日娲餐馆发生火灾。接警后，呼和浩特市消防救援支队立即组织灭火救援力量到场处置，受伤人员被第一时间送往医院救治。4时22分，现场明火被扑灭。\n\n　　截至目前，火灾共造成4人死亡，4人受伤，伤者生命体征平稳。火灾原因正在调查中。",
    "original_websites": "https://www.chinanews.com.cn/sh/2024/01-29/10154939.shtml",
    "start_date": "2024-01-29",
    "start_time": "2024-01-29 03:23:00",
    "update_time": "2024-05-03 13:55:45",
    "incident_type": "火灾",
    "incident_reason": "火灾原因正在调查中",
    "person_death_num": 4,
    "person_injury_num": 4,
    "person_missing_num": 0,
    "location": [111.66135370731355, 40.83853809737505],
    "place": "呼和浩特市新城区气象局西巷德都豪日娲餐馆",
    "province": "内蒙古自治区",
    "city": "呼和浩特市",
    "county": "新城区",
    "town": "",
    "village": "",
    "is_final": true
}
