{
    "item_id": "34036016-a9fe-4db4-8e13-4a9df7d0f4e7",
    "news_channel": "杭州网",
    "title": "男子在可可托海滑雪场摔伤抢救无效死亡",
    "report": "新疆可可托海国际滑雪度假区5月3日20时发布情况通报：\n\n2024年5月3日16时许，富蕴县可可托海滑雪场接到求助电话称一名男性滑雪者意外摔伤，雪场救援队及时赶到现场实施救援，并于16时12分将伤者送往富蕴县人民医院，16时44分在途中经抢救无效后死亡。目前善后工作正在进行。对于意外的发生，我们万分痛心，在此向逝者致以沉痛悼念，向家属致以诚挚慰问。同时，再次提醒广大雪友，滑雪是一项高危运动，请大家一定要增强安全意识，做好个人防护。\n\n就在10多天前，新疆可可托海国际滑雪度假区通报了另一起事故——2024年4月22日16时30分许，富蕴县可可托海滑雪场接到救援电话反映一名雪友（男性）滑至野雪区后意外受伤，雪场救援队及时赶到现场实施救援，并将伤者送至可可托海镇中心卫生院进行抢救。17时50分，伤者经抢救无效后死亡。\n\n5月4日，橙柿互动记者致电新疆可可托海滑雪场了解情况，询问12天内发生两起伤亡事故，可可托海滑雪场是否采取相应措施保障安全，工作人员说肯定有，但是具体情况她并不了解。\n\n可可托海国际滑雪场，位于新疆阿勒泰地区富蕴县，根据官方宣传：这里拥有全国最长雪道“宝石大道”，可滑行9公里。\n\n还有全国坡度最陡的“黑钻道”高差为227米，平均坡度71.28%，以及全国能够满足高山滑降国际比赛的“钻石道”，最大落差达900米。\n\n当地文旅部门多次发文警告，严禁滑野雪，严禁道外滑野雪。\n\n数据显示，2022年-2023年雪季滑雪场数量达697家。中国旅游研究院发布的《中国冰雪旅游发展报告（2023）》中，2021—2022年冰雪季冰雪休闲旅游人数为3.44亿人次，预计到“十四五”末期的2024—2025年冰雪季，冰雪休闲旅游人数有望达到5.2亿人次，冰雪休闲旅游收入将达到7200亿元。一边是冰雪产业的快速发展，一边是冰雪运动的安全警示，滑雪是一项高危运动，一定要增强安全意识，做好个人防护，做好安全保障。\n\n来源：都市快报  作者：记者 陈卫民  编辑：吴阳杰",
    "original_websites": "https://news.hangzhou.com.cn/shxw/content/2024-05/05/content_8724462.htm",
    "start_date": "2024-04-22",
    "start_time": "2024-04-22 16:30:00",
    "update_time": "2024-05-05 12:14:58",
    "incident_type": "摔伤",
    "incident_reason": "一名雪友（男性）滑至野雪区后意外受伤",
    "person_death_num": 1,
    "person_injury_num": 0,
    "person_missing_num": 0,
    "location": [89.86873145525098, 47.21143302028553],
    "place": "富蕴县可可托海滑雪场",
    "province": "新疆维吾尔自治区",
    "city": "伊犁哈萨克自治州",
    "county": "富蕴县",
    "town": "",
    "village": "",
    "is_final": true
}
