{
    "item_id": "3616bfe7-90a9-458a-90ec-e4722b8a6a5a",
    "news_channel": "澎湃新闻",
    "title": "新疆可可托海滑雪场一滑雪者意外摔伤，送医途中抢救无效死亡",
    "report": "新疆富蕴县可可托海泰蕴旅游投资发展有限公司5月3日发布情况通报：2024年5月3日16时许，富蕴县可可托海滑雪场接到求助电话称一名男性滑雪者意外摔伤，雪场救援队及时赶到现场实施救援，并于16时12分将伤者送往富蕴县人民医院，16时44分在途中经抢救无效后死亡。\n\n目前善后工作正在进行。对于意外的发生，我们万分痛心，在此向逝者致以沉痛悼念，向家属致以诚挚慰问。同时，再次提醒广大雪友，滑雪是一项高危运动，请大家一定要增强安全意识，做好个人防护。",
    "original_websites": "https://www.thepaper.cn/newsDetail_forward_27260733",
    "start_date": "2024-05-03",
    "start_time": "2024-05-03 16:00:00",
    "update_time": "2024-05-04 17:36:30",
    "incident_type": "摔伤",
    "incident_reason": "一名男性滑雪者意外摔伤",
    "person_death_num": 1,
    "person_injury_num": 0,
    "person_missing_num": 0,
    "location": [89.86873145525098, 47.21143302028553],
    "place": "富蕴县可可托海滑雪场",
    "province": "新疆维吾尔自治区",
    "city": "伊犁哈萨克自治州",
    "county": "富蕴县",
    "town": "",
    "village": "",
    "is_final": true
}
