{
    "item_id": "41a8a36c-8334-40c8-9a6f-6d7227f0d296",
    "news_channel": "新华社",
    "title": "山西中阳县一煤矿井下煤仓发生事故致7人遇难 抢险救援工作已结束",
    "report": "新华社太原3月15日电（记者原勋） 记者从山西省中阳县人民政府新闻办公室了解到，在中阳桃园鑫隆煤业有限公司井下煤仓事故中最后一名被埋矿工于15日6时23分发现，此次事故7名被埋矿工均不幸遇难，现场救援工作结束。遇难矿工善后工作、事故原因调查正在进行。\n\n  据了解，11日16时许，10号煤层北胶带大巷采区煤仓给煤机发生故障，在检修试机过程中22时45分煤仓中的煤突然掉落，致7名矿工被埋。据山西吕梁中阳桃园鑫隆煤业有限公司矿长高乃春介绍，该煤仓下方有静压水管、供水施救水管、排水管、压风管，事故发生后，大量涌下来的煤把水管压破裂，导致事故现场有大量的水，水与煤混合在一起，形成煤泥，增加了现场救援的难度。\n\n  山西吕梁中阳桃园鑫隆煤业有限公司隶属于山西桃园煤业投资管理有限公司，瓦斯等级为低瓦斯矿井，原设计生产能力90万吨/年，2014年生产能力提升为150万吨/年。",
    "original_websites": "http://www.news.cn/local/20240315/53456e5a9953487daed3f899adc69283/c.html",
    "start_date": "2024-03-11",
    "start_time": "2024-03-11 22:45:00",
    "update_time": "2024-05-05 12:19:18",
    "incident_type": "煤矿事故",
    "incident_reason": "11日16时许，10号煤层北胶带大巷采区煤仓给煤机发生故障，在检修试机过程中22时45分煤仓中的煤突然掉落，致7名矿工被埋。",
    "person_death_num": 7,
    "person_injury_num": 0,
    "person_missing_num": 0,
    "location": [111.186623, 37.365449],
    "place": "山西中阳桃园鑫隆煤业有限公司井下煤仓",
    "province": "山西省",
    "city": "吕梁市",
    "county": "中阳县",
    "town": "宁乡镇",
    "village": "乔家沟",
    "is_final": true
}
