{
    "item_id": "46a0c107-3b44-4830-bcb2-dd687e032579",
    "news_channel": "安全新天地",
    "title": "安徽合肥：楼道杂物间起火致1死11伤",
    "report": "2024年4月7日18时09分，安徽合肥肥东县一民房一楼楼道杂物间起火，造成1人死亡、11人受伤，经初步查明，着火物为一楼楼道杂物。",
    "original_websites": "https://mp.weixin.qq.com/s/nEMtPnl0_5o7nt6S7Kd9kw",
    "start_date": "2024-04-07",
    "start_time": "2024-04-07 18:09:00",
    "update_time": "2024-05-03 12:29:59",
    "incident_type": "火灾",
    "incident_reason": "一民房一楼楼道杂物间起火",
    "person_death_num": 1,
    "person_injury_num": 11,
    "person_missing_num": 0,
    "location": [117.46922266546729, 31.819896353537583],
    "place": "安徽合肥肥东县一民房一楼楼道杂物间",
    "province": "安徽省",
    "city": "合肥市",
    "county": "肥东县",
    "town": "撮镇镇",
    "village": "",
    "is_final": true
}
