{
    "item_id": "4e0f1ab3-c71e-4f5c-8f99-b3278a0ec307",
    "news_channel": "极目新闻",
    "title": "一家五口海边游玩被海浪卷走、四人遇难 目击者：他们当时在拍照",
    "report": "5月2日，有网友发布视频称，广东汕尾陆丰，一家人在海边拍照时，多人被卷入海中溺亡。5月3日，极目新闻（报料邮箱：jimu1701@163.com）记者从目击者和当地相关部门了解到，此事发生在5月2日下午，溺亡4人的遗体已被打捞上岸。目前，当地警方已经介入调查处理。\n\n现场视频显示，在一海滩上，有几人躺在沙滩上一动不动，旁边有人正在对其中一名躺在地上的人做心肺复苏。\n\n\n现场视频截图\n\n5月3日，视频发布者告诉极目新闻记者，视频拍摄于5月2日下午2时许，拍摄地点位于广东陆丰湖东镇长湖村的海边，事发时，他刚好在现场。发生意外的是一家五口人，他们在海中的礁石上拍照时，被海浪卷入水中，一家五口人中只有一个小儿子获救，另外4人均不幸溺亡，遗体当天就被打捞上了岸。\n\n极目新闻记者致电湖东镇人民政府，工作人员表示，他只知道有这回事，具体情况不了解。陆丰市人民政府工作人员告诉极目新闻记者，溺亡的4人应该是一家人，另有1人被救起。\n\n极目新闻记者从辖区湖东派出所了解到，他们接到了该起警情。目前，陆丰市公安局和政府部门均已介入调查，还在进一步处理中。",
    "original_websites": "https://www.ctdsb.net/c1716_202405/2126579.html",
    "start_date": "2024-05-02",
    "start_time": "2024-05-02 14:00:00",
    "update_time": "2024-05-03 17:54:55",
    "incident_type": "溺亡",
    "incident_reason": "一家人在海边拍照时，多人被卷入海中溺亡",
    "person_death_num": 4,
    "person_injury_num": 0,
    "person_missing_num": 0,
    "location": [115.95731377601625, 22.805172597210298],
    "place": "广东陆丰湖东镇长湖村的海边",
    "province": "广东省",
    "city": "汕尾市",
    "county": "陆丰市",
    "town": "湖东镇",
    "village": "长湖村",
    "is_final": true
}
