{
    "item_id": "58cf929e-baa3-4a10-ac84-45921337ab99",
    "news_channel": "央广网",
    "title": "1人遇难2人受伤！西安深夜通报地铁追尾事故",
    "report": "西安市安全生产委员会办公室21日凌晨发布通报，西安地铁10号线于4月18日23:50许，在进行试验路线车辆型式试验时，因车辆公司调试人员操作不当，发生车辆追尾事故，造成该公司试验人员1人不幸身亡，2人受伤。\n\n\n\n\n\n事故属安全生产责任事故。事故发生后，西安市已成立事故调查组展开深入调查。西安市安委办要求西安市轨道交通集团要加强安全统筹管理，车辆调试方西安中车长客轨道有限公司要履行好主体责任，规范操作流程，认真举一反三，杜绝此类事故再次发生。\n\n\n\n西安地铁10号线2020年7月1日开工建设，一期工程全长约34.418千米，设计最高速度100千米/小时。2024年9月将具备初期运营条件。",
    "original_websites": "https://mp.weixin.qq.com/s/lKsZkzcLy57yg_LoL7MUFA",
    "start_date": "2024-04-18",
    "start_time": "2024-04-18 23:50:00",
    "update_time": "2024-05-02 23:48:08",
    "incident_type": "地铁追尾",
    "incident_reason": "车辆公司调试人员操作不当，发生车辆追尾事故",
    "person_death_num": 1,
    "person_injury_num": 2,
    "person_missing_num": 0,
    "location": [108.94238, 34.26101],
    "place": "西安市地铁10号线",
    "province": "陕西省",
    "city": "西安市",
    "county": "",
    "town": "",
    "village": "",
    "is_final": true
}
