{
    "item_id": "6b691d96-1646-4899-8ba8-6dcf0db2084b",
    "news_channel": "中国新闻社",
    "title": "江西抚州4车相撞，已致1死5伤，肇事司机已被控制",
    "report": "抚州市公安局交通警察支队发布警情通报称，2024年4月14日10时54分，抚州市临川区金巢大道与青云峰路交叉路口发生一起四车相撞的道路交通事故，事故造成1人死亡，5人受伤。事故发生后公安部门组织救治伤员。目前，肇事司机（黄某某，男，51岁）已被控制，事故调查和处置工作正在进行中。\n\n图片\n\n图片来源：央视新闻客户端",
    "original_websites": "https://mp.weixin.qq.com/s/HieXyo9gJqyHpAS1fWOv6A",
    "start_date": "2024-04-14",
    "start_time": "2024-04-14 10:54:00",
    "update_time": "2024-05-03 11:01:20",
    "incident_type": "交通事故",
    "incident_reason": "四车相撞的道路交通事故",
    "person_death_num": 1,
    "person_injury_num": 5,
    "person_missing_num": 0,
    "location": [116.36894702911377, 27.978295271428145],
    "place": "抚州市临川区金巢大道与青云峰路交叉路口",
    "province": "江西省",
    "city": "抚州市",
    "county": "临川区",
    "town": "",
    "village": "",
    "is_final": true
}
