{
    "item_id": "6ef9d743-0f06-4d46-b966-e428698d5848",
    "news_channel": "环球网",
    "title": "湖南衡阳珠晖区通报一饭店起火：明火被扑灭，14人送医救治",
    "report": "2024年2月15日15时29分许，珠晖区东风路香悦食府发生火灾，过火面积100余平方米。市、区消防救援队伍接报后于15时35分陆续到达现场。16时40分，现场明火被扑灭。共有14人送医救治。其中，7人经检查后留院观察；5人在院治疗伤势较轻；另有2人伤势危重，正在全力救治中。起火原因正在调查中。\n\n珠晖区应急管理局\n\n2024年2月15日\n\n来源：珠晖融媒",
    "original_websites": "https://m.huanqiu.com/article/4GboZRSsGL4",
    "start_date": "2024-02-15",
    "start_time": "2024-02-15 15:29:00",
    "update_time": "2024-05-03 13:34:21",
    "incident_type": "火灾",
    "incident_reason": "起火原因正在调查中",
    "person_death_num": 0,
    "person_injury_num": 14,
    "person_missing_num": 0,
    "location": [112.63598608677059, 26.881181070031023],
    "place": "珠晖区东风路香悦食府",
    "province": "湖南省",
    "city": "衡阳市",
    "county": "珠晖区",
    "town": "",
    "village": "",
    "is_final": true
}
