{
    "item_id": "73a5ecf5-83c3-4845-a66f-cf97dae2c0cf",
    "news_channel": "上海法治报",
    "title": "上海S20外环高速昨夜发生3车事故，致1死5伤",
    "report": "昨天（3月29日）晚上10时40分，\n\nS20外环高速外圈联谊路路段，\n\n发生一起3车事故，\n\n其中一车侧翻。\n\n事故造成1人死亡，5人受伤。\n\n\n\n图片\n\n\n\n据了解，发生事故的是两辆面包车和一辆集卡。据堵在事故点后方的驾驶员介绍，事故发生后，其驾驶的车辆被堵在了车流中，车辆走走停停，缓慢向前移动。当行驶至靠近事发路段时，交警引导所有车辆从右侧蕰川路（中环路）方向匝道驶出外环高速。有市民表示，当时看到了事故车辆，其中一辆面包车侧翻，车体受损严重，其它事故车也停在现场。\n\n\n\n图片\n\n\n\n事故发生后，交警、消防、医疗等部门迅速赶赴现场开展处置工作。伤者很快被转移出事故车。据悉，该起事故造成1人死亡，另有5人受伤。\n\n\n\n至今天（3月30日）0时5分，事故处理工作全部结束，车辆通行逐步恢复正常。目前，事故原因正在调查中。\n\n",
    "original_websites": "https://mp.weixin.qq.com/s/Xpq-n28_U0XMIKnj5u__Ng",
    "start_date": "2024-03-29",
    "start_time": "2024-03-29 10:40:00",
    "update_time": "2024-05-03 11:19:06",
    "incident_type": "交通事故",
    "incident_reason": "事故原因正在调查中",
    "person_death_num": 1,
    "person_injury_num": 5,
    "person_missing_num": 0,
    "location": [121.4347815513611, 31.346985002202263],
    "place": "S20外环高速外圈联谊路路段",
    "province": "上海市",
    "city": "宝山区",
    "county": "",
    "town": "",
    "village": "",
    "is_final": true
}
