{
    "item_id": "7f15d320-08d9-4e20-84a3-c0ee1e59600f",
    "news_channel": "封面新闻",
    "title": "2死2伤！成都发生轿车撞人交通事故！警方通报：37岁肇事驾驶员被控制",
    "report": "3月31日，网络社交平台开始流传多段行车记录仪和现场群众拍摄角度的视频，显示疑似在成都一环路南二段附近，一辆黑色轿车在街头连续撞倒了多人。\n图片\u200B\n记者梳理相关信息发现，根据现场目击者拍摄的多段视频显示，一辆车牌号为川A62FZ5轿车速度较快，在干道上朝着非机动车道和人行道冲了过去。\n\n在路人拍摄的视频中，轿车驾驶员为一名身着黑色短袖的中年男子，驾驶座安全气囊已打开，男子手脚舞动，动作看上去比较怪异。有网友说，“这是犯病了还是喝醉了？怎么会这样？”也有网友称，司机看上去可能有毒驾的嫌疑。\n\n图片\u200B\n另一段行车记录仪视频显示，这辆黑色轿车在经过某小区门口时，径直冲向非机动车道，将人群冲散，随后飞速撞击多名路人和骑行者后，将一辆共享单车顶了数十米远。\n\n图片\u200B\n记者回访现场了解到，事发后司机被警方人员立即控制，现场有多辆救护车赶到救护伤者，有交警在维持秩序。\n\n图片\u200B\n1日凌晨3时许，成都交警通过官方微博对此发布通报称，2024年3月31日19时33分许，在我市武侯区一环路南二段15号门前路段发生一起交通事故，一辆小型轿车与电动两轮车、自行车碰撞。警方迅速出警，并协助将伤者送医救治。\n\n目前，事故造成2人死亡、2人受伤。肇事车辆驾驶员张某某（男，37岁）已被警方控制，公安机关正在依法调查处理。\n\n图片\u200B\n封面新闻记者 宋潇 杨博",
    "original_websites": "https://mp.weixin.qq.com/s/6SX3cctYxX1OZcvTlKmG9g",
    "start_date": "2024-03-31",
    "start_time": "2024-03-31 19:33:00",
    "update_time": "2024-05-03 11:59:09",
    "incident_type": "交通事故",
    "incident_reason": "在我市武侯区一环路南二段15号门前路段发生一起交通事故，一辆小型轿车与电动两轮车、自行车碰撞。",
    "person_death_num": 2,
    "person_injury_num": 2,
    "person_missing_num": 0,
    "location": [104.0690511166001, 30.633791050501085],
    "place": "成都市武侯区一环路南二段15号门前路段",
    "province": "四川省",
    "city": "成都市",
    "county": "武侯区",
    "town": "",
    "village": "",
    "is_final": false
}
