{
    "item_id": "82214111-feed-4f0b-92dd-b0fc3ababbe5",
    "news_channel": "搜狐网",
    "title": "沈阳致3死2伤车祸监控曝光：肇事黑车疾速拐弯后失控撞人，曾与一辆白色小车有追逐行为",
    "report": "3月19日早，沈阳街头发生一起车祸，致3人不幸遇难，2人受伤。事后现场视频显示，肇事黑车副驾位置有一个小型的疑似钢制气瓶。当天，一段事发时的监控画面也被曝光，肇事的黑车在撞人前，曾被一辆白色小车碰撞，之后两车有追逐行为。20日上午，当地交警部门回应极目新闻记者称，目前，此事尚未调查结束。\n\n警方通报（图源：沈阳市公安局交通警察局）\n\n3月19日下午，根据沈阳市公安局交通警察局通报：2024年3月19日6时许，在沈阳市铁西区凌空二街滑翔路与飞翔路之间路段，一辆小型轿车发生交通事故，造成1人当场死亡、2人送医院经抢救无效死亡、2人轻伤。目前，受伤人员已得到妥善救治。肇事车辆驾驶人张某（男，26岁）已被控制，事故原因正在调查中。\n\n\n\n监控画面（图源：视频截图）\n\n一段流传在网上的事发监控视频显示，3月19日早上6时02分许，当时路边停着一辆黑色小车，没一会儿，一辆白色小车从后方驶了过来，侧撞向黑车的车头部位，并停了下来。这时，双方并未下车处理，被撞的黑色小车加速朝前方驶去，白色小车则紧跟其后。过了约40秒后，黑车拐了一个大弯折返回来，在此前停车的位置附近失控，车辆撞向公交站旁的多位行人，随后现场产生一阵烟雾。而此前紧跟其后的白车也很快跟了上来，在发生事故的位置将车停下。\n\n极目新闻记者核查发现，网传监控视频左下角位置显示的地点为北滑翔路与凌空二街路口，监控时间段为3月19日早上6时02分至6时04分，与警方通报的地点及时间基本吻合。另据极目新闻此前报道，事发后的一段现场视频显示，肇事的黑色轿车内，副驾驶座椅上有一个小型的疑似钢制气瓶。\n\n\n\n肇事车内的疑似钢制气罐（图源：视频截图）\n\n不少网友追问，肇事司机是否涉及毒驾或醉驾，而黑色车内的疑似钢制气瓶又是何物，上述监控视频中出现的白色车辆为何与黑车有追逐行为？20日上午，极目新闻记者致电沈阳市公安局交通警察局铁西大队，接线工作人员表示，此事尚未调查结束，目前不接受采访，以官方发布的通报为准。沈阳市公安局工作人员也回应称，具体原因请关注通报。",
    "original_websites": "https://www.sohu.com/a/765485247_121284943",
    "start_date": "2024-03-19",
    "start_time": "2024-03-19 06:00:00",
    "update_time": "2024-05-03 14:49:02",
    "incident_type": "交通事故",
    "incident_reason": "事故原因正在调查中",
    "person_death_num": 3,
    "person_injury_num": 2,
    "person_missing_num": 0,
    "location": [123.37306916713716, 41.77013542357955],
    "place": "沈阳市铁西区凌空二街滑翔路与飞翔路之间路段",
    "province": "辽宁省",
    "city": "沈阳市",
    "county": "铁西区",
    "town": "",
    "village": "",
    "is_final": true
}
