{
    "item_id": "874b44cb-66ac-47e1-b47d-c964ffcc18f3",
    "news_channel": "天津日报",
    "title": "突发！杂技演员高空坠落，一人已身亡！",
    "report": "近日，网传4月26日厦门市灵玲国际马戏城发生一起演出事故，有演员在表演杂技项目时从高处坠落至舞台地面。\n\n\n\n\n\n\n网传视频显示，事故发生时有多名演员在进行表演，其中有5名演员倒挂于一个大型设备上，呈倒三角形被旋转拉向空中，在拉起过程中，一名演员与设备之间连接断裂，从高处坠落至舞台上。另有两名演员也同样坠落，但高度较低。\n\n\n\n图片\n5月3日，集美区应急管理局工作人员对红星新闻记者表示，4月26日确实有此事发生，事故中有一人死亡，相关部门已经对事故进行调查处理，具体情况以事故调查情况为准。\n\n\n\n集美区文化和旅游局工作人员也称，事故正在调查处理中，具体情况需要等待最终的通报。集美区委宣传部工作人员告诉红星新闻记者，确实有坠亡事故发生，事故还在调查过程中。\n\n\n\n此外，红星新闻记者从厦门灵玲演艺公司了解到，关于事故的相关情况正在处理中，并表示会对相关家庭给予赔偿和抚慰。",
    "original_websites": "https://mp.weixin.qq.com/s/Pahes6Mdtl_CnNsk7PMeXA",
    "start_date": "2024-04-26",
    "start_time": "2024-04-26 15:00:00",
    "update_time": "2024-05-03 16:45:14",
    "incident_type": "高空坠落",
    "incident_reason": "网传视频显示，事故发生时有多名演员在进行表演，其中有5名演员倒挂于一个大型设备上，呈倒三角形被旋转拉向空中，在拉起过程中，一名演员与设备之间连接断裂，从高处坠落至舞台上。另有两名演员也同样坠落，但高度较低。",
    "person_death_num": 1,
    "person_injury_num": 2,
    "person_missing_num": 0,
    "location": [118.05413662546174, 24.58595403112891],
    "place": "厦门市灵玲国际马戏城",
    "province": "福建省",
    "city": "厦门市",
    "county": "集美区",
    "town": "",
    "village": "",
    "is_final": true
}
