{
    "item_id": "8c2c88b9-cec6-4a39-b280-565205918a56",
    "news_channel": "新浪新闻",
    "title": "河南南阳一学校火灾致13人遇难：学校老师称遇难者均为三年级学生",
    "report": "据央视新闻报道，1月19日23时00分，河南南阳市方城县119指挥中心接报警，独树镇砚山铺村英才学校一宿舍发生火灾。方城县消防救援大队组织救援力量迅速到达现场，23时38分现场明火被扑灭。事故造成13人遇难，1人受伤，伤者正在医院救治，目前生命体征稳定。\n\n据澎湃新闻报道，一位独树镇当地居民称，独树镇砚山铺村英才学校两周放一次假，刚好本周末不放假。火灾发生于1月19日22时许，起火的地方是学生宿舍。学校的老板名叫李继忠，大家都认识，以前是一位老师。李继忠在镇上还有一所英才学校，规模和独树镇砚山铺村英才学校差不多。\n\n20日上午，独树英才学校一名老师向纵览新闻记者称，发生火灾的系独树英才砚山铺分校，该校幼儿园和小学部在一起，火灾发生在晚上，起火的宿舍楼是在幼儿园的楼上。这位老师证实，学校隔一段时间会放假，当天还没有到放假的时间，遇难者都是学生，系三年级同班同学。事发后，学校、教育局等相关人员在当晚就赶到现场进行处置，上级有关部门也已介入，具体起火原因还不清楚，\n\n根据公开消息，独树英才学校砚山铺社区分校投资800多万，位于黄土洼路口，学校占地面积35亩，建筑面积约17000平方米。学校分小学部和幼儿部，实行寄宿制管理和小班化教学。\n\n爱企查显示，方城县独树镇英才学校成立于2012年06月13日，注册地位于河南省南阳市方城县独树镇伟三路，法定代表人为李继忠。经营范围包括学前教育 、小学教育。另据爱企查显示，独树镇英才学校还有两所附属幼儿园，它们的法定代表人相互独立，未显示相互关系和投资方信息。纵览新闻记者两次拨打李继忠电话，都被挂断。纵览新闻记者还多次拨打方城县政府办、应急管理局、教体局电话，但一直无人接听。\n\n据央视新闻报道，事故发生后，当地成立事故处置指挥部，迅速开展事故调查和善后处置等工作。涉事学校负责人已被控制。\n\n",
    "original_websites": "https://news.sina.cn/gn/2024-01-20/detail-inaectxf9840543.d.html",
    "start_date": "2024-01-19",
    "start_time": "2024-01-19 22:00:00",
    "update_time": "2024-05-03 14:11:53",
    "incident_type": "火灾",
    "incident_reason": "起火的地方是学生宿舍。",
    "person_death_num": 13,
    "person_injury_num": 1,
    "person_missing_num": 0,
    "location": [113.23188900947572, 33.362492846220206],
    "place": "河南南阳市方城县独树镇砚山铺村英才学校一宿舍",
    "province": "河南省",
    "city": "南阳市",
    "county": "方城县",
    "town": "独树镇",
    "village": "砚山铺村",
    "is_final": true
}
