{
    "item_id": "8fc2319e-6051-48ba-b475-9df1b8d736fc",
    "news_channel": "黑龙江省应急管理厅",
    "title": "湖南一民房起火，祖孙2人不幸遇难！警惕“小火亡人”！",
    "report": "4月23日凌晨4时许\n\n湖南省岳阳市华容县\n\n一民房发生火灾\n\n祖孙2人不幸遇难\n\n据附近商户介绍\n失火房屋位于\n\n华容县第二幼儿园附近\n\n为二层民房\n\n遇难者为祖孙2人\n\n\n据大皖新闻报道\n\n祖孙二人居住的民房\n\n面积只有10多平方米\n\n面积狭小来不及跑\n\n目前\n\n起火原因正在调查中\n\n民房是“小火亡人”的高发场所  \n\n稍有不慎\n\n就会酿成惨剧",
    "original_websites": "https://mp.weixin.qq.com/s/T-A1Fpd0iGGR5gIkTrDPDQ",
    "start_date": "2024-04-23",
    "start_time": "2024-04-23 04:00:00",
    "update_time": "2024-05-03 12:05:41",
    "incident_type": "火灾",
    "incident_reason": "起火原因正在调查中",
    "person_death_num": 2,
    "person_injury_num": 0,
    "person_missing_num": 0,
    "location": [112.55663216114044, 29.52772889083639],
    "place": "湖南省岳阳市华容县第二幼儿园附近",
    "province": "湖南省",
    "city": "岳阳市",
    "county": "华容县",
    "town": "章华镇",
    "village": "",
    "is_final": true
}
