{
    "item_id": "98bafccc-fe4d-45b1-9ae4-b064730ea72d",
    "news_channel": "安全新天地",
    "title": "香港佐敦道：一大厦起火致5死41伤",
    "report": "2024年4月10日8时许，香港佐敦道一座大厦起火，目前已有5人在火灾中遇难，41人受伤，香港警方表示，起火地点系大厦内一健身中心。",
    "original_websites": "https://mp.weixin.qq.com/s/nEMtPnl0_5o7nt6S7Kd9kw",
    "start_date": "2024-04-10",
    "start_time": "2024-04-10 08:00:00",
    "update_time": "2024-05-03 12:13:19",
    "incident_type": "火灾",
    "incident_reason": "起火原因估计与大量胶制灯箱及电线有关。",
    "person_death_num": 5,
    "person_injury_num": 41,
    "person_missing_num": 0,
    "location": [114.17201788488563, 22.30580086013292],
    "place": "香港佐敦道一座大厦",
    "province": "香港特别行政区",
    "city": "九龙",
    "county": "",
    "town": "",
    "village": "",
    "is_final": true
}
