{
    "item_id": "a2eb7bc1-4602-449e-891f-53ea23cfdd6d",
    "news_channel": "澎湃新闻",
    "title": "郑州海昌海洋公园：一工作人员在企鹅馆进行水下保洁时溺亡",
    "report": "郑州海昌海洋公园旅游发展有限公司发布《情况说明》：2月12日16时30分许，园内企鹅馆进行常规水下保洁工作时，工作人员出现溺水，最终因抢救无效不幸离世。",
    "original_websites": "",
    "start_date": "2024-02-12",
    "start_time": "2024-02-12 16:30:00",
    "update_time": "2024-05-05 21:17:01",
    "incident_type": "溺亡",
    "incident_reason": "园内企鹅馆进行常规水下保洁工作时，工作人员出现溺水",
    "person_death_num": 1,
    "person_injury_num": 0,
    "person_missing_num": 0,
    "location": [113.99096270871104, 34.7825178929934],
    "place": "郑州海昌海洋公园",
    "province": "河南省",
    "city": "郑州市",
    "county": "中牟县",
    "town": "",
    "village": "",
    "is_final": true
}
