{
    "item_id": "ac70620d-6884-45ec-af1d-13782fc1a814",
    "news_channel": "新京报",
    "title": "已致2死6重伤！警方通报山东德州重大交通事故",
    "report": "据央视新闻报道，德州市公安局德城分局2024年3月1日通报：\n\n\n\n2024年3月1日13时40分左右，德州市德城区安居苑小区南侧道路，一男子驾驶机动车冲撞行人致多人伤亡。目前，已造成2人死亡，6人重伤，省市医疗专家正在全力开展救治。驾驶人王某涛（男，46岁）被公安机关当场抓获，案件正在进一步调查中。\n\n\n\n图片\n\n据央视新闻此前报道，2024年3月1日13时41分，山东德州市公安局交警部门接群众报警：105国道与101省道交叉口北侧宝信加气站附近发生一起交通事故。\n\n接警后，交警部门及德城分局民警迅速赶往现场，经了解：驾驶员王某驾驶黑色轿车行至德城区第三实验小学安居苑校区门口附近，撞伤10余名儿童（具体人数正在统计中）。伤者已送往医院。",
    "original_websites": "https://mp.weixin.qq.com/s/czXjgDVAR3Onftn-WJnLzw",
    "start_date": "2024-03-01",
    "start_time": "2024-03-01 13:40:00",
    "update_time": "2024-05-03 11:44:34",
    "incident_type": "交通事故",
    "incident_reason": "一男子驾驶机动车冲撞行人致多人伤亡。",
    "person_death_num": 2,
    "person_injury_num": 6,
    "person_missing_num": 0,
    "location": [116.30464780326021, 37.39382032519498],
    "place": "德州市德城区安居苑小区南侧道路",
    "province": "山东省",
    "city": "德州市",
    "county": "德城区",
    "town": "",
    "village": "",
    "is_final": true
}
