{
    "item_id": "c4b21555-e922-49ae-a260-14bec9dfd7ad",
    "news_channel": "搜狐网",
    "title": "山东突发燃爆，一死一伤！ ",
    "report": "山东菏泽鄄城县人民政府网站21日发布情况通报：2024年1月20日19时48分许，消防部门接报，我县大埝镇王菜园村外废弃厂房发生燃爆，有关部门迅速组织救援，20时30分许明火扑灭。经搜救，现场发现两名受伤人员，紧急送医救治，一人抢救无效死亡。公安消防等部门正对现场进一步清理，并对事故原因进行深入调查。\n\n\n\n此前报道\n\n据央视新闻客户端消息，记者从当地宣传部门了解到，1月20日19时48分许，山东菏泽市鄄城县一废旧厂房发生火灾。接到报警后，菏泽消防部门立即调集救援力量赶赴现场扑救。\n\n现场为一废旧厂房起火，着火物主要为垃圾杂物，过火面积约300平方米。20时30分现场明火被扑灭，伤亡情况还在核实中。\n\n",
    "original_websites": "https://www.sohu.com/a/753384166_121106832",
    "start_date": "2024-01-20",
    "start_time": "2024-01-20 19:48:00",
    "update_time": "2024-05-03 13:49:09",
    "incident_type": "燃爆",
    "incident_reason": "对事故原因进行深入调查",
    "person_death_num": 1,
    "person_injury_num": 1,
    "person_missing_num": 0,
    "location": [115.58432579040529, 35.610906350624596],
    "place": "山东菏泽鄄城县大埝镇王菜园村外废弃厂房",
    "province": "山东省",
    "city": "菏泽市",
    "county": "鄄城县",
    "town": "大埝镇",
    "village": "王菜园村",
    "is_final": true
}
