{
    "item_id": "cde72034-9d9b-4bbb-8560-122a5a7fce7b",
    "news_channel": "中国新闻周刊",
    "title": "山西恒山景区发生落石，1人身亡5人受伤\n",
    "report": "据央视新闻客户端消息，记者从山西恒山景区管理中心了解到，2024年5月2日15时05分许，位于山西省大同市浑源县的恒山景区虎风口处发生落石，致6名游客受伤，其中1名游客因伤势过重经抢救无效不幸身亡，其余5名伤者无生命危险，正在医院观察治疗。事发后，浑源县启动应急预案，全力救治伤员，疏散现场游客，目前已无游客滞留。地质专家也已前往现场进行勘察排险。",
    "original_websites": "https://mp.weixin.qq.com/s/_YmalHPktVenpdcsetpuOA",
    "start_date": "2024-05-02",
    "start_time": "2024-05-02 15:05:00",
    "update_time": "2024-05-02 22:24:02",
    "incident_type": "落石",
    "incident_reason": "恒山景区虎风口处发生落石",
    "person_death_num": 1,
    "person_injury_num": 5,
    "person_missing_num": 0,
    "location": [113.73384465191648, 39.66565045261491],
    "place": "山西省大同市浑源县的恒山景区虎风口处",
    "province": "山西省",
    "city": "大同市",
    "county": "浑源县",
    "town": "",
    "village": "",
    "is_final": true
}
