{
    "item_id": "d0252d97-c8ca-43c6-b730-3e69d4ee09e1",
    "news_channel": "澎湃新闻",
    "title": "郑州一游泳教练憋气练习时溺亡，当地相关部门：已移交刑侦大队处理",
    "report": "5月4日，河南郑州的一名女子在社交平台上发布视频，称4月26日其弟弟在健身游泳馆游泳时，在众目睽睽之下溺水身亡。据潇湘晨报报道，记者从当地一相关部门处得到确认，事件属实，此事已移交刑侦大队处理。工作人员表示，后续调查结果会进行公示。\n\n其姐姐称，溺水者憋气到3分钟左右的时候，他开始喝水，水面咕嘟咕嘟地冒泡，紧接着开始大幅度的动作自救且求救。\n\n沉入池底之后的十分钟里，期间，工作人员在一旁用手机拍视频记录，站在岸边嬉戏打闹，直到顾客看出不对劲跳下去救人，工作人员才反应过来。捞上来以后，场馆也没有应急措施，不懂急救，全程将近20分钟，等120到场就已经错过黄金抢救时间，导致弟弟抢救无效死亡。\n\n溺水者姐姐还发布了一段长达九分钟的现场视频，几乎详细记录了逝世男子溺亡前后的经历。其中一段视频显示到3分钟处，逝世男子已开始身体晃动，疑似在挣扎求救，求助未果后翻倒在池中，随后渐渐沉入水底……但是直到4分钟后，游泳馆还未有人入镜抢救。\n\n\n这时，岸上有工作人员出声询问：“可以憋这么久吗？”随后用一支长棍伸到池中触碰男子的身体，并叫喊着他的姓名说：“你脚动一下……”\n\n“我弟生前健康、阳光，我不明白这种突如其来的变故为什么会发生在我们家里……”该名网友痛诉道。\n\n\n记者了解到，涉事游泳馆位于郑州市金水区。天眼查App显示，其背后的健身公司成立于2023年11月，注册资本100万元。\n\n5月5日下午，事发游泳馆附近的一家商铺店员告诉记者，这家健身馆已经关停，“前段时间关的，一直没有营业。”",
    "original_websites": "https://m.thepaper.cn/detail/27267812",
    "start_date": "2024-04-26",
    "start_time": "2024-04-26 12:00:38",
    "update_time": "2024-05-05 21:19:38",
    "incident_type": "溺亡",
    "incident_reason": "工作人员表示，后续调查结果会进行公示。",
    "person_death_num": 1,
    "person_injury_num": 0,
    "person_missing_num": 0,
    "location": [113.66614878305654, 34.776594467865415],
    "place": "郑州市金水区",
    "province": "河南省",
    "city": "郑州市",
    "county": "金水区",
    "town": "",
    "village": "",
    "is_final": true
}
