{
    "item_id": "d1ede78c-1b78-4e73-891e-f89c3efe6be0",
    "news_channel": "安全新天地",
    "title": "广西梧州：店面发生火灾致5人死亡",
    "report": "2024年4月8日3时许，广西梧州市苍梧县岭脚镇人和社区一店面发生火灾，造成5人死亡，消防部门初步认定，起火原因为电气线路故障引发火灾。",
    "original_websites": "https://mp.weixin.qq.com/s/nEMtPnl0_5o7nt6S7Kd9kw",
    "start_date": "2024-04-08",
    "start_time": "2024-04-08 03:00:00",
    "update_time": "2024-05-03 12:20:42",
    "incident_type": "火灾",
    "incident_reason": "消防部门初步认定，起火原因为电气线路故障引发火灾。",
    "person_death_num": 5,
    "person_injury_num": 0,
    "person_missing_num": 0,
    "location": [111.05107362292027, 23.451142013814668],
    "place": "广西梧州市苍梧县岭脚镇人和社区一店面",
    "province": "广西壮族自治区",
    "city": "梧州市",
    "county": "苍梧县",
    "town": "岭脚镇",
    "village": "",
    "is_final": false
}
