{
    "item_id": "d42051bd-8cd3-4971-a559-cbd689246829",
    "news_channel": "中国网",
    "title": "中国发布丨新余“1·24”火灾已致39死9伤 12名相关责任人员被调查",
    "report": "中国网1月25日讯（记者 彭瑶）1月25日上午8时，新余市召开渝水区“1·24”火灾事故新闻发布会，新余市委副书记、市长徐鸿通报火灾事故有关情况。1月24日15时30分许，江西新余市渝水区一临街店铺发生火灾，明火于当日18时50分扑灭，现场救援于当日20时50分结束，共造成39人死亡、9人受伤，其中8人病情平稳，1人正在抢救。\n\n初步查明，该楼地下一层正在进行冷库装修，因施工人员违规动火施工造成起火，浓烟通过楼道涌入至二楼，二楼是名为博弈教育咨询的培训机构和一家宾馆，受困人员主要是参加教育咨询培训的学生和住宿旅客。目前已有12名相关责任人员在接受公安机关调查。\n\n徐鸿代表新余市委、市人民政府，向遇难者表示沉痛哀悼，向遇难者家属、受伤人员及亲属表示深深的歉意。据徐鸿介绍，当地正在开展遇难者善后和家属安抚工作，并将配合国务院调查组开展事故调查，对涉及失职、失责人员，将依法依规严肃追责问责，决不姑息，给遇难者和社会各界一个负责任的交代。“我们将吸取惨痛教训，狠抓整改，聚焦‘九小场所’，紧盯景区、商场等人员密集地方，持续开展安全隐患全面排查、彻底整治，全力保障人民群众生命财产安全。”\n\n\n\n\n图片来源：新余消防\n\n新余市消防救援支队支队长龚俊辉介绍，1月24日15时24分，新余市消防救援支队指挥中心接到报警后，支队先后调派10个消防站，共20辆消防车、118名救援人员赶赴现场处置。15时31分，辖区消防站救援人员首先到达现场。通过外部观察，起火建筑有大量浓烟冒出，二层有人呼救；根据现场情况，指挥员将救援人员分成2个灭火组，1个搜救组，利用消防梯营救出2名被困人员。15时50分，当日全勤指挥部到达现场，组织现场救援力量利用消防梯分别在建筑东、西、北三面开辟疏散救援通道。18时20分，共搜救出48人，其中39人死亡、9人送医救治。18时50分，现场明火被扑灭。20时10分，经现场反复排查核实确认，起火建筑内已经没有被困人员。20时50分，现场救援力量陆续撤离归建。\n\n 新余市教育局局长曾先锋通报，据调查了解，这次火灾事故救援过程中，发现有参加教育咨询培训的高职院校学生不幸遇难。目前，有关部门已对涉事机构负责人进行控制。1月24日晚，已对全市所有教育机构，特别是寄宿学校进行消防隐患排查，并要求全市所有校外培训机构暂停培训活动，深入开展消防安全排查整治。同时，全面加强日常监管，尤其是加强对幼儿园、中小学等人员密集场所的消防安全隐患排查，最大限度消除火灾风险。”曾先锋介绍。\n\n“接下来，我们将积极配合有关部门做好善后处置工作；督促全市教育机构进一步加强消防安全教育，提升学生消防意识和自救能力，多措并举保障广大师生生命健康安全。”曾先锋说。",
    "original_websites": "http://news.china.com.cn/2024-01/25/content_116963686.html",
    "start_date": "2024-01-24",
    "start_time": "2024-01-24 15:30:00",
    "update_time": "2024-05-03 14:02:09",
    "incident_type": "火灾",
    "incident_reason": "初步查明，该楼地下一层正在进行冷库装修，因施工人员违规动火施工造成起火，浓烟通过楼道涌入至二楼，二楼是名为博弈教育咨询的培训机构和一家宾馆，受困人员主要是参加教育咨询培训的学生和住宿旅客。",
    "person_death_num": 39,
    "person_injury_num": 9,
    "person_missing_num": 0,
    "location": [114.89688098430635, 27.810914700763753],
    "place": "江西省新余市渝水区天工南大道佳乐苑沿街店铺地下一层",
    "province": "江西省",
    "city": "新余市",
    "county": "渝水区",
    "town": "",
    "village": "",
    "is_final": true
}
