{
    "item_id": "d4b94dec-6452-4ab2-b15e-f1eaa5cbb0cb",
    "news_channel": "新闻坊",
    "title": "2死6伤！突发剧烈爆炸，事故细节披露↗",
    "report": "据看看新闻Knews\n\n援引台湾联合新闻网报道\n\n昨天（3月23日）\n\n台湾高雄一家铝厂\n\n发生猛烈爆炸\n\n造成2人死亡，6伤受伤\n\n\n\n\n铝业工厂爆炸致2死6伤\n\n\n报道称，高雄市湖内区中山路二段佳丰铝业工厂23日上午8时30分许传出爆炸声。据台媒报道，事发现场听到连续巨大爆炸声响，现场浓烟密布。\n\n\n\n消防人员抵达现场未发现明火，2名工厂员工已无生命迹象，另有6人受伤，消防人员紧急将伤者分别送医抢救。\n\n图片\n\n\n\n据报道，该公司创设于1997年，约有员工30人，专攻各型铝圆棒制造、加工和研发。该工厂多年有多次违反废弃物清理规定的处罚记录，去年8月曾被环保部门罚款4次。\n\n\n\n\n事故细节披露：\n疑因控制系统异常引发\n\n\n\n据相关部门初步调查了解，厂方当时在灌模作业期间，疑似控制系统异常，降温水量不足，导致铝水接触时发生爆炸。工厂负责人发布声明向员工、家属及社会大众致歉，表示会负起相关责任绝不逃避。目前详细事故原因仍在调查中。\n\n\n\n高雄市有关部门勒令现场立即停工。\n\n图片\n\n\n\n另据台媒梳理，近年来台湾工业安全事故频发，其中工地施工和工厂作业中的安全隐患尤为突出。有岛内舆论指出，锅炉爆炸、控制系统异常等事故频发，反映台当局安全监管存在漏洞，有关部门还需要加强安全管理，以完善安全制度。\n\n\n\n\n涉铝工艺有爆炸危险\n上海企业也曾发生过铝粉爆炸\n\n\n铝制品在生活中并不罕见\n\n但你可能没想到\n\n铝粉在生产工艺中\n\n却存在相当的危险性\n\n小坊去年9月曾报道过\n\n发生在上海的一起铝粉爆燃事故\n\n上海汉邦联航激光科技有限公司\n\n连发2次爆燃\n\n导致2死2重伤\n（详情戳>>>）\n\n\n\n 第一次车间爆燃\n\n↓↓↓\n\n第二次车间爆燃\n\n↓↓↓\n\n\n\n粉尘爆炸是由可燃性粉尘\n\n在爆炸极限范围内遇到热源\n\n（明火或高温）而引发的\n\n而铝粉在用水降温过程中\n\n稍有不慎，也极易引发自燃\n\n\n\n专家介绍，铝粉和水反应释放氢气的同时还会产生热量，当水量足够时，热量能够及时耗散，不会造成热量累积；但在半干半湿状态下，因导热性能差，反应放出的热量很容易在铝粉堆中累积，从而出现温度升高的现象。温度越高，铝粉和水的反应越激烈，累积的热量也越多，往往将导致铝粉的自燃。\n\n\n\n除了铝粉以外\n\n还有哪些粉尘易引发爆炸？\n\n图片\n粉尘爆炸五要素\n\n助燃性气体：一定的氧含量是粉尘燃烧的基础。\n\n可燃性粉尘：可与助燃气体发生氧化反应而燃烧的粉尘。\n\n点火源：能使局部粉尘云的温度骤增发生燃烧的高温热源。\n\n粉尘云：悬浮在空中且达到爆炸下限的可燃性粉尘云。\n\n密闭空间：粉尘云被限制在了相对密闭的空间。\n\n\n\n哪些企业是粉尘涉爆企业\n\n《工贸企业粉尘防爆安全规定》第二条 存在可燃性粉尘爆炸危险的冶金、有色、建材、机械、轻工、纺织、烟草、商贸等工贸企业（以下简称粉尘涉爆企业）的粉尘防爆安全工作及其监督管理，适用本规定。\n\n\n\n多次爆炸是粉尘爆炸的特点\n\n第一次爆炸气浪，会把沉积在设备或地面上的粉尘吹扬起来，在爆炸后短时间内爆炸中心区会形成负压，周围的新鲜空气便由外向内填补进来，与扬起的粉尘混合，从而引发二次爆炸。\n\n\n\n二次爆炸时，粉尘浓度会更高。\n\n\n\n希望此次事故\n\n能为从业人员敲响警钟\n\n愿悲剧不再上演！\n\n",
    "original_websites": "https://mp.weixin.qq.com/s/j7bqNlfD8f5STNivzcz_jw",
    "start_date": "2024-03-23",
    "start_time": "2024-03-23 08:30:00",
    "update_time": "2024-05-03 11:27:09",
    "incident_type": "爆炸",
    "incident_reason": "厂方当时在灌模作业期间，疑似控制系统异常，降温水量不足，导致铝水接触时发生爆炸。",
    "person_death_num": 2,
    "person_injury_num": 6,
    "person_missing_num": 0,
    "location": [120.2357559613802, 22.901108055671063],
    "place": "高雄市湖内区中山路二段佳丰铝业工厂",
    "province": "台湾省",
    "city": "高雄市",
    "county": "湖内区",
    "town": "",
    "village": "",
    "is_final": false
}
