{
    "item_id": "de6c3a5d-5780-44d4-8cc3-b30a7fe47180",
    "news_channel": "新华社",
    "title": "北京东城交通事故致1死17伤",
    "report": "新华社北京3月20日电（记者鲁畅）记者20日从北京市交管局获悉，19日晚东城区一小客车剐撞电动车事故目前造成1人死亡、17人受伤。\n\n　　北京市交管局20日通报，经进一步调查，高某某（男，21岁）驾驶小客车19时45分在张自忠路口因闯红灯与一辆电动自行车发生交通事故，肇事后逃逸过程中又刮撞一辆电动自行车，19时46分继续逃逸至宽街路口时，因操作不当与等红灯的多辆电动自行车发生剐撞。受伤人员及时送医救治，其中1人经抢救无效死亡，受伤的17人中，1人重伤暂无生命危险，12人留院治疗，4人已出院。\n\n　　目前，高某某因涉嫌交通肇事罪被依法刑事拘留，事故处理和善后工作正在进行中。",
    "original_websites": "http://www.xinhuanet.com/20240320/6c6514c67d304336acd7df9d35c50154/c.html",
    "start_date": "2024-03-19",
    "start_time": "2024-03-19 19:45:02",
    "update_time": "2024-05-03 14:44:02",
    "incident_type": "交通事故",
    "incident_reason": "高某某（男，21岁）驾驶小客车19时45分在张自忠路口因闯红灯与一辆电动自行车发生交通事故，肇事后逃逸过程中又刮撞一辆电动自行车，19时46分继续逃逸至宽街路口时，因操作不当与等红灯的多辆电动自行车发生剐撞。",
    "person_death_num": 1,
    "person_injury_num": 17,
    "person_missing_num": 0,
    "location": [116.40884757041933, 39.933474572245686],
    "place": "北京市东城区交道口南大街和张自忠路交界处",
    "province": "北京市",
    "city": "东城区",
    "county": "",
    "town": "",
    "village": "",
    "is_final": true
}
