{
    "item_id": "de90c70f-e3d6-4fad-abd3-c81b6b1bf410",
    "news_channel": "网易",
    "title": "广州强龙卷风已造成5人死亡33人受伤，多地降下冰雹……",
    "report": "近期的强对流天气太严重了，暴风暴雨，还下冰雹，最重要的是龙卷风，造成伤亡严重，损失也很惨重！今年的天气怎么了？后续还有没有这样的恶劣天气？不管怎样，还希望大家都能够注意安全！\n\n\n\n4月27日15时前后，\n\n广州市白云区钟落潭镇\n\n遭遇龙卷风极端天气，\n\n已造成5人死亡，33人受伤。\n\n\n\n\n\n\n\n“天空数次闪出巨大火光” “冰雹如鸡蛋大小”\n\n多位身处广州白云区的网友表示，4月27日大概下午3时，窗外的天突然变黑，龙卷风出现，多个厂房顶的铁皮在大风后被掀起。从网友发布的龙卷风视频画面可见，天空数次闪出巨大火光，这可能是龙卷风卷起大量铁皮和碎屑，触碰电力设备，引起短路所致。\n\n另据@广州天气消息，有网友称广州增城区朱村出现了冰雹，不少增城街坊表示：“如鸡蛋般大小”。\n\n\n\n网友爆料车盖被冰雹砸穿\n\n\n\n\n\n\n\n\n\n\n\n广东今年强降水又早又猛 原因何在？\n\n为何未到“龙舟水”，广东乃至整个华南地区已连遭暴雨侵袭，强降水来得又早又多又凶猛？\n\n国家气候中心首席预报员郑志海介绍，提起华南前汛期降水，很多人会想到“龙舟水”，其成因是一般在每年5月起爆发的南海夏季风，引导西南季风从海洋攻入华南。而相比5月时充足的水汽条件，尽管往年4月华南一带也时常发生暴雨和强对流天气，但因南海夏季风还未爆发，华南地区的水汽条件总体上来说并不十分充沛，即使有强降水发生，也通常范围不大、持续时间不长。\n\n\n\n郑志海指出，相比往年，当下的这个4月则有些不一样。全球变暖背景下，江南、华南等地气温较常年同期明显偏高，气温升高导致大气含水量增加、对流强度增强，使得强降水事件增多。\n\n他表示，叠加厄尔尼诺事件背景下，今年4月以来西太平洋副热带高压持续偏强，引导极为充沛的水汽自南海和孟加拉湾向我国南方地区输送，且本月青藏高原和华南地区的环流异常。上述多种因素，导致华南地区未至“龙舟水”时期，已在4月形成多次强降水过程。",
    "original_websites": "https://baijiahao.baidu.com/s?id=1797617694144166741&wfr=spider&for=pc",
    "start_date": "2024-04-28",
    "start_time": "2024-04-28 00:32:58",
    "update_time": "2024-05-03 00:32:58",
    "incident_type": "龙卷风",
    "incident_reason": "广州市白云区钟落潭镇遭遇龙卷风极端天气",
    "person_death_num": 5,
    "person_injury_num": 33,
    "person_missing_num": 0,
    "location": [113.40466900000001, 23.385246],
    "place": "广州市白云区钟落潭镇",
    "province": "广东省",
    "city": "广州市",
    "county": "白云区",
    "town": "钟落潭镇",
    "village": "",
    "is_final": true
}
