{
    "item_id": "e4291fbb-b403-4c05-8abe-8c32fce922f9",
    "news_channel": "澎湃新闻",
    "title": "8岁男孩骑马被拖行后身亡，河南荥阳市通报",
    "report": "4月23日凌晨，河南荥阳市委宣传部发布通报，近日，网传荥阳市桃花峪一男孩骑马被拖行受伤。经核实，4月21日下午，一男孩在荥阳市广武镇霸王城村骑马游玩时，不慎坠马被拖行，后送医抢救无效死亡。目前，涉事马主樊某某已被公安机关依法采取刑事强制措施。荥阳市委市政府正全力以赴做好家属安抚和善后工作。\n\n\n据媒体4月22日报道，男孩父亲告诉记者，他是郑州荥阳人。4月21日下午5时许，他带着儿子来到马场。该马场位于荥阳黄河大桥下方西侧的沙地上，附近是一处景区。马场收费标准是50元一圈。他付钱后，儿子坐在马鞍上，马场工作人员牵着马，开始溜圈。\n\n男孩父亲说：“一圈大概5公里，长度是我事后估算的。过了二三十分钟，走完半圈往回走时出的意外。这个时候，我没看到有人牵马。”\n\n记者获得的视频显示，马儿在乱跑，众人拦不下它。男孩的一只脚被马鞍上的绳索挂住，其头部撞击着地面、沙滩车车轮、树桩。\n\n男孩父亲介绍，儿子送医抢救无效后死亡，致命伤是头部。“马场的人没给头盔，孩子没戴头盔；要是给了头盔，或许能保住命。”\n\n多名马术俱乐部工作人员介绍，开办供游客骑行的马场有诸多要求：马厩、围栏等硬件设施要达标，要有赛马资格证的专业人员，马儿要定期检疫等。一名业内人士说：“需要多个部门批准后，马场才能营业。从视频上看，涉事马场有点像‘游击队’。”\n\n涉事马场是否有相关资质？与附近景区有无关系？4月22日下午，荥阳市文化广电旅游体育局工作人员称，此事不归该局管。按属地管理原则，由荥阳市广武镇管理。广武镇镇长郝卫锋对记者称，涉事场所不能称为马场，是由个人经营的，当地公安已介入调查。\n\n记者多方求证得知，该景区及周边有多人在做“马生意”。要不要在辖区展开排查，杜绝安全隐患？荥阳市委相关负责人未回应此问题。\n\n",
    "original_websites": "https://www.thepaper.cn/newsDetail_forward_27123564",
    "start_date": "2024-05-03",
    "start_time": "2024-05-03 00:39:03",
    "update_time": "2024-05-03 00:39:03",
    "incident_type": "骑马拖行",
    "incident_reason": "一男孩在荥阳市广武镇霸王城村骑马游玩时，不慎坠马被拖行，后送医抢救无效死亡。",
    "person_death_num": 1,
    "person_injury_num": 0,
    "person_missing_num": 0,
    "location": [113.47220420837404, 34.9496766567159],
    "place": "荥阳黄河大桥下方西侧的沙地上，附近是一处景区",
    "province": "河南省",
    "city": "郑州市",
    "county": "荥阳市",
    "town": "广武镇",
    "village": "霸王城村",
    "is_final": false
}
