{
    "item_id": "e5082e1c-8801-4833-9220-e30cc189bc58",
    "news_channel": "央视网",
    "title": "国务院安委会决定对平顶山煤矿重大事故查处实行挂牌督办",
    "report": "央视网消息：据国务院安全生产委员会，2024年1月12日，河南省平顶山天安煤业股份有限公司十二矿发生一起重大煤与瓦斯突出事故，造成16人遇难。\n\n　　根据《重大事故查处挂牌督办办法》，国务院安委会决定对该起重大事故查处实行挂牌督办。河南省要依照《生产安全事故报告和调查处理条例》和《煤矿安全监察条例》等有关法律法规及规章规定，抓紧组织有关部门支持配合国家矿山安全监察局河南局开展事故调查，迅速查明事故原因，严格按事故调查规定要求研究提出处理意见。事故结案前，要将事故调查报告(未定稿)报国务院安委会办公室，经审核同意后由河南省负责批复结案并向社会公布。结案后，事故调查报告和事故处理决定落实情况要及时报国务院安委会办公室备案。",
    "original_websites": "https://news.cctv.com/2024/01/22/ARTIg66Lrp1H8JCguzGjn9pm240122.shtml",
    "start_date": "2024-01-22",
    "start_time": "2024-01-22 14:55:00",
    "update_time": "2024-05-03 15:13:51",
    "incident_type": "煤矿事故",
    "incident_reason": "河南省平顶山天安煤业股份有限公司十二矿发生一起重大煤与瓦斯突出事故",
    "person_death_num": 16,
    "person_injury_num": 0,
    "person_missing_num": 0,
    "location": [113.3752647253164, 33.75930584962184],
    "place": "河南省平顶山天安煤业股份有限公司十二矿",
    "province": "河南省",
    "city": "平顶山市",
    "county": "卫东区",
    "town": "东高皇乡",
    "village": "庆庄村",
    "is_final": true
}
