{
    "item_id": "ec2e286e-9631-4595-9c1a-4384ff057d2d",
    "news_channel": "新京报",
    "title": "两车相撞致8死1伤！河北承德警方通报",
    "report": "4月19日，河北省承德市围场满族蒙古族自治县公安局发布通报称，4月19日8时30分许，510国道围场满族蒙古族自治县县域内47KM+483M 处发生一起两车相撞的交通事故。经初步调查，李某某(男，49岁)驾驶的一辆面包车在超越一辆轿车过程中，与对向陈某某(男，50岁)驾驶的一辆大型货车相撞，造成8人死亡、1人受伤。目前，伤者正在医院接受治疗，生命体征平稳。事故调查处理工作正在依法进行中。全文如下：\n\n\n图片\n\n\n\n据@百姓关注 此前报道，4月19日8时许，河北省承德市御道口发生一起多车相撞交通事故，有人员伤亡。目击者称车祸十分严重，是一辆五菱宏光面包车与一辆半挂车相撞，面包车坐的都是工人。目击者告诉记者该路段路面狭窄加之下雪天路滑，导致车祸的发生。",
    "original_websites": "https://mp.weixin.qq.com/s/aWUPHOohPZnxmKyjavIVog",
    "start_date": "2024-04-19",
    "start_time": "2024-04-19 08:30:00",
    "update_time": "2024-05-02 23:42:33",
    "incident_type": "车祸",
    "incident_reason": "目击者告诉记者该路段路面狭窄加之下雪天路滑，导致车祸的发生。",
    "person_death_num": 8,
    "person_injury_num": 1,
    "person_missing_num": 0,
    "location": [117.75945, 41.9405],
    "place": "510国道围场满族蒙古族自治县县域内47KM+483M处",
    "province": "河北省",
    "city": "承德市",
    "county": "围场满族蒙古族自治县",
    "town": "",
    "village": "",
    "is_final": true
}
