{
    "item_id": "ecda0c42-b16c-4c90-a24e-d46b3c29fe6d",
    "news_channel": "同江应急",
    "title": "【事故警示】3死2伤！南昌一小区发生火灾！家庭消防安全提示！",
    "report": "4月27日\n江西南昌市消防救援支队发布警情通报\n称南昌一小区发生火灾\n造成3人死亡、2人受伤\n起火原因正在进一步调查中\n图片\n\n电动车违规充电\n燃气泄漏、电气火灾……\n家庭生活中存在不少消防安全隐患\n如何避免事故发生\n这份家庭消防安全指南请收好\n↓↓↓\n\n火灾现场\n我们除了等待消防员救援\n更重要的是\n掌握逃生知识\n抓住最佳逃生时机\n如遇突发火灾\n火场逃生“六不要”\n请牢记于心\n\uD83D\uDC47\uD83D\uDC47\uD83D\uDC47\n\n\n\n\n\n\n\n\n来源：应急管理部\n\n\n\n图片",
    "original_websites": "https://mp.weixin.qq.com/s/wFTBe95SRBHlOBQh3RgKVw",
    "start_date": "2024-04-27",
    "start_time": "2024-04-27 07:20:00",
    "update_time": "2024-05-03 11:11:44",
    "incident_type": "火灾",
    "incident_reason": "起火原因正在进一步调查中",
    "person_death_num": 3,
    "person_injury_num": 2,
    "person_missing_num": 0,
    "location": [115.88378906250001, 28.581459809986818],
    "place": "江西省南昌县景城名郡23栋2单元1楼",
    "province": "江西省",
    "city": "南昌市",
    "county": "南昌县",
    "town": "",
    "village": "",
    "is_final": true
}
