{
    "item_id": "f3953f28-3f5e-475e-b093-36ac4891eeec",
    "news_channel": "安全新天地",
    "title": "贵州长顺：山火致3人遇难",
    "report": "2024年4月1日15时30分许，长顺县代化镇麻响村木令组发生一起山林火情。在火情处置中，因风向突变，现场人员立即撤离，撤离途中2人不幸身亡，1人受伤送往县医院抢救无效身亡。",
    "original_websites": "https://mp.weixin.qq.com/s/nEMtPnl0_5o7nt6S7Kd9kw",
    "start_date": "2024-04-01",
    "start_time": "2024-04-01 15:30:00",
    "update_time": "2024-05-03 12:35:12",
    "incident_type": "火灾",
    "incident_reason": "在火情处置中，因风向突变，现场人员立即撤离，撤离途中2人不幸身亡，1人受伤送往县医院抢救无效身亡。",
    "person_death_num": 3,
    "person_injury_num": 0,
    "person_missing_num": 0,
    "location": [106.3974226322641, 25.772429649041204],
    "place": "长顺县代化镇麻响村木令组",
    "province": "贵州省",
    "city": "黔南布依族苗族自治州",
    "county": "长顺县",
    "town": "代化镇",
    "village": "麻响村",
    "is_final": true
}
