{
    "item_id": "f87f6a89-4db5-437c-8ee8-52986a1d5b54",
    "news_channel": "澎湃新闻",
    "title": "吕梁一焦化厂煤气中毒事故致4人死亡，山西省安委办挂牌督办",
    "report": "记者从山西省安委办了解到，2024年2月23日18时50分许，山西省吕梁市交口县旺庄生铁有限责任公司焦化厂发生一起煤气中毒事故，致4名中毒人员经抢救无效死亡。\n\n根据《国务院关于进一步加强企业安全生产工作的通知》《山西省较大事故查处挂牌督办办法》等有关规定要求，山西省安委办决定对该起事故查处实行挂牌督办。要求吕梁市安委会依据有关法律法规和规定，组织进行事故调查，查明事故原因，认定事故性质，分清事故责任，研究提出对有关责任单位和责任人的处理意见。事故结案前，要将事故调查报告报山西省安委办审核同意后，由吕梁市按程序结案。同时要组织摄制警示教育片，深刻吸取教训，防止类似事故发生。事故调查报告和处理决定落实情况要及时报送山西省安委办。",
    "original_websites": "https://www.thepaper.cn/newsDetail_forward_26459571",
    "start_date": "2024-02-23",
    "start_time": "2024-02-23 18:50:00",
    "update_time": "2024-05-03 15:55:33",
    "incident_type": "煤气中毒",
    "incident_reason": "山西省吕梁市交口县旺庄生铁有限责任公司焦化厂发生一起煤气中毒事故，致4名中毒人员经抢救无效死亡。",
    "person_death_num": 4,
    "person_injury_num": 0,
    "person_missing_num": 0,
    "location": [111.30357384681703, 36.80486508431559],
    "place": "山西省吕梁市交口县旺庄生铁有限责任公司焦化厂",
    "province": "山西省",
    "city": "吕梁市",
    "county": "交口县",
    "town": "康城镇",
    "village": "",
    "is_final": true
}
